temperature,humidity,wind_speed,solar_radiation,solar_potential,wind_potential
21.236203565420873,68.87131998138216,2.7769939325792947,567.1736066225963,12044.614167171394,21.41533106239407
38.52142919229749,57.52674564408843,8.128514210675371,531.2636898667579,20465.036611641008,537.0732326341171
31.959818254342153,41.66693314004294,13.094187538146125,123.07785922579211,3933.5460119898244,2245.0998978066104
27.959754525911098,76.96565137948642,10.983373296143418,407.1230448635407,11383.06039622609,1324.9736246639309
14.680559213273096,67.93118207877154,12.098417217921746,442.17605690727135,6491.391786118811,1770.8658855625308
14.67983561008608,31.38318575414239,9.881750500660761,458.94050280721046,6737.171136020099,964.9429850449093
11.742508365045984,83.76490291456898,10.384148467767787,622.1551323045991,7305.661845443045,1119.728330495772
35.98528437324806,77.57760700462183,12.73793477347979,580.2422920541906,20880.1838849553,2066.793381125774
28.033450352296263,86.48599393043469,3.745020132887789,647.1145835141001,18140.8545491894,52.52456572231761
31.242177333881365,70.8003655871852,7.341374454647108,788.3949353879154,24631.174380523196,395.6690943074988
10.617534828874074,62.93906371550529,3.3181416272940334,831.6871648444841,8830.467439463842,36.53295120898846
39.097295564859834,49.27701254034332,14.815020119949706,746.310768603845,29178.73270334224,3251.6720414276965
34.97327922401266,85.29099383478093,14.160890095299198,959.9713263594413,33573.34524381452,2839.694736932388
16.370173320348286,80.62447226502859,0.5914021705275885,116.40932440872547,1905.6408166754861,0.20684676940421667
15.454749016213018,23.16530690743326,10.583627587735327,276.2001871151915,4268.604570096358,1185.5057070621936
15.502135295603015,21.84568821480764,13.878724761234988,106.8065874803279,1655.7301695817023,2673.3060986369155
19.127267288786133,46.352435681463476,2.708630176910003,682.7272427391428,13058.706457207554,19.87234589942027
25.742692948967136,76.7387331547283,8.519178458289442,908.2274940549883,23380.221507267437,618.291317126518
22.958350559263472,89.1093290520461,13.732324463820628,319.1340669186693,7326.791783722258,2589.596913814884
18.736874205941255,30.529182377246972,0.5091896787869826,934.331090316676,17506.444105963496,0.1320197104547255
28.355586841671386,61.58915007464946,10.461304008702598,154.24065126060475,4373.584181336029,1144.8734103976792
14.184815819561255,46.66235996417151,4.460235110588261,940.9924241249629,13347.804223815068,88.73056691695146
18.764339456056547,87.89400784702222,13.865942930647956,416.460418515671,7814.604663039428,2665.9268285508933
20.99085529881075,78.9483246194996,14.565873677480516,191.27874560429487,4015.1044707177866,3090.3638692694494
23.682099526511077,78.68300932977965,14.16399733670151,537.284583267693,12724.026975005536,2841.5644400202927
33.55527884179041,52.80852118564792,7.113213249861957,331.09891094845716,11110.116281088613,359.91296084992644
15.990213464750791,49.037365163636565,12.930639764839702,356.3856117657306,5698.6820078998335,2162.021649939219
25.42703315240835,39.13849503514943,12.668240978026056,376.56096843365793,9574.828228265615,2033.0541590158552
27.772437065861276,23.946284765564897,4.786507098648834,822.7233080493971,22849.03129541908,109.66198984288252
11.393512381599932,80.53056633785373,12.43373211226016,585.245149007729,6667.997851490857,1922.2263153464205
28.22634555704315,76.90307063910544,0.5551145207323893,380.1769292404033,10731.005377555166,0.1710597225837565
15.115723710618745,89.98023713002914,8.944048177230796,649.3004049798266,9814.645526867918,715.4880582786672
11.951547789558386,89.76457859517338,3.450132559315546,744.5356068008742,8898.3528857085,41.068358543632094
38.466566117599996,58.88021939218392,1.8085032866591821,345.3616006601804,13284.874846274995,5.915043012938554
38.96896099223678,73.82911906263573,1.1542980244381373,472.19419137281636,18400.91702436807,1.5379912232543202
34.25192044349383,86.13360109176996,10.444331638172097,209.69748400325278,7182.541539280234,1139.310134256053
19.13841307520112,79.47531734741881,5.098124456520992,263.0344145812123,5034.0612792489455,132.5047051559846
12.930163420191516,37.31436712202384,10.871501572931422,713.0060685684846,9219.284986178784,1284.8978401379482
30.526990795364707,51.53808947170654,0.9803451119841355,263.2945129260643,8037.589172563998,0.9421866868505028
23.20457481218804,29.04115906060465,4.729355067459155,572.6470453003542,13288.031203650502,105.78053586816247
13.661147045343364,86.78357190811056,8.092369385630057,738.1416355501894,10083.86142354139,529.9404806277605
24.855307303338105,62.432224411561606,11.860847472584453,196.18923078526944,4876.343620773392,1668.580497018733
11.031655633456552,36.00499638524239,4.7812875439810485,610.5809976660132,6735.719302583797,109.30363073423888
37.27961206236346,67.01904790840997,9.388370646555137,330.9065053312274,12336.066147660564,827.5051032365558
17.763399448000506,63.26897683205271,13.289666223542808,966.6341877138218,17170.709196454118,2347.15743454269
29.87566853061946,45.071390262298834,9.237947822734569,535.1910820479322,15989.191367807587,788.3635108231481
19.35133228268233,27.94903145397403,3.4943921213045064,825.3932947976423,15972.459911527147,42.6692404887687
25.602040635334326,67.01012369149598,0.3660117233480703,595.2038879406356,15238.434125365131,0.04903260738934963
26.40130838029839,56.421539063265534,13.051483108513949,139.07127956933726,3671.663738752764,2223.205442381118
15.545633665765811,74.06228742149474,0.3190411627558071,669.8362380346201,10413.028772540913,0.032474326911165245
39.08753883293676,56.41144507783954,13.12052509026299,956.2630079859913,37377.96745915335,2258.674497144573
33.253984700833435,79.65270502229781,7.93405701040818,641.450638131698,21330.78970677133,499.44302271577067
38.18496824692568,58.633478714213986,14.086015477693442,837.2699734841112,31971.127351595092,2794.8884811041435
36.844820512829465,59.265658007477036,11.98174853660498,895.785817013567,33005.067645803174,1720.1273539064769
27.936999364332554,81.36575218608415,14.969011658000062,305.2717947540392,8528.377935992252,3354.1260518729346
37.6562270506935,48.243800634867796,5.260677231775652,290.84035591740394,10951.950477930272,145.58779537132332
12.654775061557585,29.38106599154485,11.507824333966903,649.8828899658926,8224.12178887335,1523.9814170773461
15.879485872574357,22.01478734193373,6.028963704138633,469.9256228260342,7462.177288826716,219.14320447534618
11.356818667316142,72.85960789715332,7.198134304558633,855.8751725800483,9720.019136849518,372.95792222416526
19.759909922897933,63.42166859474253,9.412581948275552,910.02081105821,17981.92925447275,833.9236890535858
21.660318690684463,69.28558376694565,13.10515671279508,418.0792413724463,9055.72960608678,2250.74687563871
18.140470953216877,34.90749130562375,14.761252037989427,313.18350307703383,5681.2962405956405,3216.3965433897083
34.86212527455788,29.546003291073884,11.524101207967773,802.4729637194756,27975.9129906341,1530.4572082146196
20.70259980080768,21.018126596751735,6.266501732510006,347.32543199332247,7190.539419200399,246.0795320316034
18.428035290621423,44.54112911646179,6.320355034156052,840.3528866623105,15486.052651988644,252.4785131387627
26.280882494747456,61.29423807982432,11.063734523833372,481.3644282838865,12650.68197688011,1354.2699400012884
14.22772674924288,47.45708315698126,3.5816571865245352,700.7949093623234,9970.71847766757,45.946458995579725
34.06590942262119,50.62324454166104,1.6571116969709199,185.98178245120135,6335.638555240264,4.550460497050177
12.236519310393124,83.29110861456239,5.319332364611648,661.4733922089157,8094.131937075642,150.5120880622192
39.60660809801552,44.37788269163103,4.308584874811226,506.5909108635062,20064.347672587603,79.98415436945888
33.16734307889972,55.979264241186755,4.4446218068398515,627.9476168579267,20827.354043904328,87.80200598251271
15.961470446025173,74.85571089188002,3.504116265748649,251.21278697037707,4009.725474891291,43.026450744266384
10.165663513708072,47.75799476248891,0.6313978445454282,763.1863704497639,7758.295840240457,0.25171510923370216
34.463842853645026,63.54606901595115,0.26810902100120715,876.5173697889057,30208.156890895112,0.01927233253047316
31.205720315428515,80.36545961227216,14.815835846040473,295.0658200816981,9207.741456112022,3252.209189487814
31.87021504122962,86.46644365603495,6.416597006037935,186.14309996814555,5932.420624425901,264.1887335174638
33.13811040057837,30.295143665032654,5.764899707395225,121.27472744170277,4018.8153067631974,191.59107255710597
12.22133955202271,84.86113376130461,10.194709240396048,677.7743503989394,8283.310475877059,1059.5575045237126
20.753971856328178,54.44814051556767,3.2738083179759627,646.3846324799027,13415.048470850934,35.0880912223224
13.476071785753891,38.07710718092709,14.24941775925338,592.027671442663,7978.207399514045,2893.2859457074037
35.89310277626781,52.13950293667829,11.79517521623328,308.7523865043779,11082.081141219598,1641.0174152729112
28.698943804826737,88.6022802699834,1.3411650346838928,451.8153963149632,12966.624668998651,2.412385266785877
19.926940745579476,54.48326657950087,6.263711636773925,635.0287016675558,12654.17930987165,245.75098518078684
11.906750508580709,43.012612720125574,13.18677461343247,547.0901729732525,6514.066195288782,2293.061750089812
19.329469651469864,64.3380598021708,14.170980334371155,989.0069681933986,19116.98017678652,2845.7692746354596
19.75549966080241,36.810193314473516,7.011022668748046,222.79577730105981,4401.441902899296,344.6228851289614
31.88818535014192,25.310432967606474,9.201170838160616,725.6300986428344,23139.027081164466,778.9853370631398
29.126724140656393,29.021580533745446,2.5055091913811283,463.8868912938629,13511.505515183004,15.728525139529223
36.616382277289794,28.96320872704407,14.867529392054648,485.3796534330533,17772.846939723117,3286.369695770085
24.16644775485848,30.633188545860605,3.475075520751651,745.8379890923586,18024.254796989193,41.96553281528818
13.58782737814905,29.71790208545871,14.140976612026884,723.1925361919327,9826.615342941792,2827.7317747139305
31.39734361668985,64.86123213622503,9.744699734885527,992.1303943319695,31150.258903402842,925.3486272084677
32.82355145850693,32.731605907940136,9.116051923182887,215.5548605087127,7075.276056039013,757.565817646025
26.83831592708489,44.19670983267042,7.6903276652476285,193.6986844457497,5198.5464878157545,454.81474201148535
33.12901539863683,82.77518869342083,3.4600471757663804,751.904935415867,24909.87018370329,41.42343033131574
24.81386789093172,53.177314818401065,2.647920480082624,620.5482253057681,15398.201682689463,18.565849084152536
25.681984881459822,66.72904169647191,3.30729313605263,346.74459990382525,8905.089572457875,36.17579372211159
22.826230550756488,32.06239098411409,2.7965739321638177,171.47743209008794,3914.1833991400363,21.87151744298088
10.762573802322855,33.46023131660695,11.6937671035013,177.09242463678748,1905.9702899857234,1599.0546997525933
13.236742809799134,22.86080313865352,5.251878887500951,904.7717871977064,11976.231448698352,144.85854111780512
10.942875570602027,31.825454415051517,0.8676401484509455,272.6805922468686,2983.909791475551,0.6531590067730468
29.092312337913413,39.501323732237104,14.53653945211217,391.03440590396866,11376.095071428668,3071.730386427615
19.4306794322898,32.39073389937228,13.256788274451385,303.9907620042892,5906.747046882846,2329.7802563195555
25.257120734941083,26.20917736299389,13.916284247928195,419.4966752487436,10595.278174663888,2695.068900814488
37.22699421778279,28.444510977042057,14.923617339696529,162.48145847148402,6048.6963150148495,3323.703802640754
17.47876687446625,52.254513762290806,2.6084287382923095,567.1538118174433,9913.149258721993,17.747489551683955
22.31148769106889,34.44336028840547,5.943630283539881,160.8513072329934,3588.831961421273,209.9690873138085
32.66653415629146,45.498890273365284,11.37357713556137,820.3208570401254,26797.03929561954,1471.2661125026425
16.863944964748676,55.239208959839985,10.440309270806884,310.3408737193897,5233.571414715807,1137.99431261159
12.309397294863789,68.32763800405557,2.308438595097826,586.0107231440595,7213.438810230659,12.301412453335756
18.69254358741304,22.751849788876925,12.237496874859266,892.0711788053125,16675.079392893236,1832.6426174551975
14.836638617620132,75.95872792363298,3.36660857754991,685.7896321424747,10174.812939808544,38.15732110677687
37.890929570277194,63.95302726436354,3.3572642223393463,579.6620078962018,21963.932315760445,37.84047391664342
34.24361138693251,25.723132236421034,8.054616343401204,391.90037780383807,13420.08423990666,522.5580915297742
29.002112695312704,81.15050368747441,8.894099022625547,399.70172175237815,11592.194378772992,703.5676802759846
36.143817705631534,84.46106803722692,8.701293117567168,702.5382596783711,25392.414789046674,658.7966718513335
34.110162306973436,24.275457189840463,1.372302560966323,994.7254250990508,33930.24570100177,2.584339832585348
15.597101766581076,39.38143537030426,13.161912939455705,695.6552708644408,10850.206054131208,2280.1165211798393
36.77676995469933,76.4340895855143,3.984000638830591,602.0050756330224,22139.80217811704,63.235098323052924
26.18026725746952,72.37817832685609,1.9427238192420626,757.5854592153215,19833.789792629894,7.332181298199969
34.22320465492187,32.91647135494641,13.331221198034658,518.6850510553463,17751.064653715715,2369.244076646275
36.8827389977048,34.65445263356972,14.3347724734463,154.1281083407067,5684.666792140253,2945.5907827879864
19.540104249155917,45.93304719539674,12.93191425898176,606.0671342901188,11842.6149860161,2162.661004737922
13.301557735830302,53.916608963371495,12.142741120873172,961.8627560548422,12794.272983608342,1790.4005735646585
16.83805487625825,63.27783400712072,9.828629709585325,257.77264812189367,4340.389994674854,949.464913404325
22.813233658787688,45.82395476988407,8.26286055913709,721.0044017385992,16448.44188587709,564.1456860469013
34.54044297767479,52.37743012932035,1.304801398671152,280.8403197931508,9700.34905164728,2.2214331103253224
35.82191749769031,72.32296566936296,6.126798196060481,582.2449160257731,20857.129345324865,229.98564389378808
10.208563915935722,22.567824202341853,5.59032775518471,187.00880468204764,1909.091335439423,174.70760598188863
25.32241907732697,37.67058610408145,3.896306756404893,505.3338426323666,12796.275337092786,59.1506368329438
22.52233009446337,69.93447101191867,10.851301705328774,780.5469960057214,17579.73709828264,1277.7489001728222
16.663234314121908,82.66447863810396,7.438136026181562,412.81437181508386,6878.8226057917855,411.5213285586271
13.595961020010485,55.817420948096625,1.215693238614719,698.4205520384962,9495.6986010896,1.796685255568484
20.12845514210884,57.247943968572095,3.3027480292471703,815.9049647107563,16422.906482404356,36.02685289773821
38.287291117375574,27.502040793784325,10.248881454893938,934.4600375315074,35777.94349452253,1076.5381120356355
19.696087960622656,51.318865677641824,1.1419628923545027,311.1778736699082,6128.986771202037,1.4892101093513261
25.563718652300985,57.28320865185162,12.76810371073153,459.38432422837735,11743.571617851654,2081.513370581863
31.090568766855334,36.97293525443108,7.427197905209615,237.1744119973757,7373.887365942888,409.70851390509546
20.90888807137882,38.84702616645667,7.2087986598997205,993.2351519425376,20767.442620525453,374.6180404633515
39.15346248162882,46.409891417323585,8.886116769892764,934.3008711318657,36581.11410441463,701.6750716205953
38.87341884826334,21.404983844440846,12.370214488877238,585.9614172525037,22778.32360177858,1892.9175159765116
17.553468874760924,42.54554159082248,5.217138118532896,857.8299649387792,15057.891589390116,142.00283116477965
24.91745517677156,34.801360489758125,10.170242288385953,568.862179544838,14174.597860569076,1051.9470936547887
19.026349294503092,42.924814652454025,8.485979459936866,661.2271192024838,12580.738132944489,611.0910578615837
18.545214831324028,28.383349227347587,4.00542405254132,180.21198890441497,3342.0700494125576,64.26070772571252
11.106608420635984,82.33690965179264,13.17944979532737,779.7433784471272,8660.304372996014,2289.242711847066
28.286930019396905,61.551471748783406,11.961390324103922,214.94213527171132,6080.053138650642,1711.3742279117982
25.080370696865845,67.53716234011426,9.876777519876383,843.4608672272756,21154.311218360017,963.4868983681682
11.54436253749968,75.24198670251369,12.75872593641363,803.8252789033473,9279.650436467035,2076.9303182093427
18.359393927098346,54.89095392503401,13.009413014397035,737.8702279686788,13546.850182354834,2201.7758547220965
37.24797657899961,26.084420166119656,10.625444650725521,132.5443424722859,4937.008564086609,1199.6134876221624
17.186856720009175,57.59745792729834,12.555199925455081,372.81552035079574,6407.526931264791,1979.1143969443804
14.346846162736693,61.07887826146154,10.462071925039254,336.8013129197586,4832.036623867519,1145.1255486201353
24.68358280832689,72.1807631929031,10.202111576404507,424.1227667243672,10468.869433337626,1061.86720167469
39.56951362331802,50.21616823607756,9.279170673227764,178.87847208745467,7078.134138182849,798.9645102631989
17.261658145345013,28.93062119568946,11.290749593364618,943.2620407279566,16282.26688852649,1439.3563467624035
30.164066422176358,39.864313405910714,2.3790765793961057,598.4220166411387,18050.841458456034,13.465586216524565
32.84858845986153,45.41576074790446,13.213061387983927,374.97187959222117,12317.296956745624,2306.80220670953
17.12912631977199,65.2142068932121,13.07765291617848,457.2833653668551,7832.86452929931,2236.6056657879126
31.846490458355788,59.95448132682383,0.4387092455183872,502.4822864543521,16002.297341061325,0.08443652682883546
21.033493981577596,44.92677081284924,12.38725125847144,640.5349000245556,13472.686964656896,1900.7493045669207
28.969174917807383,89.05606741550858,1.933048012101678,564.111484926848,16341.844279989922,7.223171440437104
29.00589132282684,62.4042373549821,5.026782813887128,927.4527758929756,26901.59442460573,127.01949004015479
26.073240522242756,36.60587542151961,11.152623844374116,547.2671346152472,14269.027630741944,1387.1747139831755
12.70869310163225,27.124773083428263,2.411398440724623,992.9422133409814,12618.997857005988,14.0219019927045
35.05907486767714,30.70013974290324,12.269505361785933,866.2824619705862,30371.061690782455,1847.0606843533342
19.623401949152075,37.21704098691557,12.482012669366128,287.6594629216022,5644.857265387808,1944.7055658480533
15.595555311995627,31.247696128168897,7.612016006412543,937.5356931795246,14621.389759951437,441.06142729063987
11.223254246642917,33.0596916835914,0.0957880757525037,204.7297580969285,2297.7341269755298,0.0008788896435106674
27.726788295647253,39.956661808569294,4.305571997623692,835.7047376420725,23171.408338271172,79.81647938951285
30.326930855268472,32.13615167063284,9.253903775636132,442.5609641289221,13421.515758378771,792.4555983632232
10.497634867835684,82.77357972384976,14.717792670411352,890.1768884005626,9344.75194221522,3188.0714212195635
25.36279174897843,25.616362196314952,9.477202905250026,881.2510210967054,22350.986126650336,851.2174864132004
16.79487325593814,56.71579726991783,3.897053715962397,825.332860105859,13861.360779438824,59.18466259668737
29.355183712283495,48.72777788927631,9.510085546494171,811.0273926763552,23807.858107708693,860.1085617092514
15.230992870149743,88.76650318360245,8.099780695737833,374.2112251882367,5699.608502772033,531.3978355107599
30.728132143073978,27.842723151763664,11.697680927267154,172.82735474612696,5310.661794576913,1600.6608151595815
21.602060389016124,47.84989193320192,1.604709582404376,462.6821608886453,9994.88798043699,4.1322761621237625
38.101899662102035,87.86293032927583,11.415418537530421,256.1720634878578,9760.64225924799,1487.563513488275
14.125628324379797,80.58549881257862,8.118998680141654,725.4559800122155,10247.521539351255,535.1892881511376
20.231990531507755,77.19504496644959,14.44488005788492,411.489753884007,8325.256804393686,3013.9900910938795
13.404205637217672,38.05319789314579,5.128082490580291,978.0491807739234,13109.972342405948,134.85436486861116
37.74080854835688,31.962131117304608,9.489328397009222,676.8748696107988,25545.804865175185,854.4889079435778
36.32018060142943,66.80502539471017,13.980421582650262,840.2325072709249,30517.396411271857,2732.5039822995527
17.73824883145467,85.05631923893101,1.5376459198601888,219.27220546766358,3889.5049424072718,3.635540780198749
29.79952138102537,58.973402510975085,14.058427308546767,875.8130340453603,26098.809233815417,2778.4988343978744
34.51666600603647,60.012888262892986,10.318285834512201,930.4814714620549,32117.118175261105,1098.5571707513482
26.65602434798387,39.59853655621989,1.0175558865775787,538.3557269370424,14350.423365110357,1.0535976980782518
25.889517350680194,73.86450532343558,4.514453504202244,645.6276439758797,16714.98809079231,92.00587360075832
17.25556872701355,33.093062399026635,10.622581329679225,788.3288208126959,13603.062147019024,1198.643941465977
12.793083034176977,42.657546548297056,1.0102590220315755,257.35476453437127,3292.360871929276,1.0310938884306198
36.91647273859981,49.780550703149174,8.732556902644099,552.3094688170981,20389.317448856946,665.9233951369918
37.01254171489991,55.53272650791185,5.188245854294351,458.7967249950818,16981.232922539926,139.65665737148947
28.993043718198038,36.968681269055615,9.313732766512157,231.7365929460242,6718.749170390342,807.9255051463988
20.17089373146102,28.038577731744248,0.6861305071876928,430.7809800623783,8689.237370372863,0.32301313953583655
20.476287238379825,62.74340297091428,13.073052092285645,161.35507844694422,3303.9529336509395,2234.245928358521
31.778670366107182,40.2041387268179,14.602334537660953,123.2307162545383,3916.1083108322587,3113.6291288690445
36.913307798577314,60.68667549958286,14.533167829285372,221.6496602393405,8181.82213186486,3069.593499372968
36.61259272795352,30.80539006919416,11.24477747614387,966.8036004302564,35397.18647047209,1421.8461183539282
33.396266375728715,53.67980712983722,1.9512936019594795,594.5765823055153,19856.637923445378,7.429641555942757
29.26094938462863,57.28126027861101,11.37394793893534,969.239945037898,28360.88097331417,1471.4100166284104
12.524198949851465,23.627647577569885,0.36880374688202266,489.24809049711877,6127.440421220849,0.05016328556647247
14.848861422838413,43.56229947357444,0.3318532729349588,380.6345197767336,5651.989236913365,0.03654587090750612
36.956625655812374,29.409027385728198,4.854153287243118,555.5276765562196,20530.428383931423,114.37746315368824
28.1928717897877,24.436247933093743,7.329647856069986,495.56051976961913,13971.274197945424,393.77607880882994
10.27591154849889,89.29721626729616,11.556111267116899,195.09821583556953,2004.812009196258,1543.2459442567745
13.044146285980963,42.56476914823061,10.249430649097578,676.7436832211856,8827.543602050706,1076.711182680192
29.905053073241675,76.69121120982444,6.688540595651225,294.4343642586397,8805.075289740791,299.2224000022803
10.15184751538656,37.82484583346347,4.1043999942249885,657.6291594080466,6676.15094798233,69.14312992132474
14.824241542524959,67.70519055567505,14.956867502365668,685.180983158338,10157.288394683928,3345.9692024084425
26.462013680997583,73.21595019227806,6.392719533539594,236.8223678157833,6266.796737107499,261.2503935951269
30.756855930780798,61.6947118425491,6.770805364945132,155.21466439960136,4773.915071283031,310.3994828068274
29.558837785078016,53.010333198511084,2.4543573178750377,802.6854274615959,23726.44834278332,14.784729033073855
16.728079283816793,48.8288639903088,11.92214323124894,513.8203813923882,8595.228077572852,1694.583624308854
31.365376640426074,44.42077865800967,10.40523338672233,152.3474159549282,4778.43408162198,1126.5629839830967
17.117472624904003,85.06704009734781,3.311544191831406,995.3796854527905,17038.384517123697,36.315469642421505
19.76199094477803,78.14335854514104,1.2357156842376404,152.00250489673,3003.8721253527565,1.886929511556195
32.394742153540726,87.55188374665588,10.207489531120697,725.5317059726979,23503.41253920407,1063.5473493216407
29.48898697141644,28.700805643988133,9.81766821421703,985.3110327370722,29055.8242071764,946.291749069955
35.47670231482534,71.1607232642551,4.09889290497314,315.26209379433305,11184.459452690098,68.86518427204913
29.7283867690103,85.68383197747265,14.262953433756156,228.02443181847656,6778.79850188349,2901.5388701841234
27.049258100064147,32.68631463159621,2.2658683767135033,209.24644548018603,5659.961110314553,11.633329653390724
12.810243034842774,24.654738715674426,6.485022015639029,372.947632810836,4777.549815576112,272.7309117523882
21.031474091783004,71.87844545030413,14.154238802513984,190.94122990958203,4015.7755298965567,2835.695248703343
17.956071030451763,60.21311792259383,6.295909753891834,722.9452075247187,12981.25549743854,249.5602905266104
17.319689301372506,78.92801437307904,9.577889214961283,156.06261831705643,2702.9560608101033,878.6368792830971
39.190316642573364,29.784066363840264,5.963915969441914,558.4799153348108,21887.0047204888,212.12631474695644
21.792931740002814,75.66871183019231,4.11322803523005,997.0271684676791,21728.145025344416,69.59024439657254
36.7613966553134,34.11391240334211,14.759664719397424,832.573242555417,30606.555214180134,3215.3590506954024
28.934158779917887,31.455916000599316,6.140010094725645,653.6974944079097,18914.187097232945,231.47668570323387
33.84433910624945,31.498605855169508,13.411488055187016,375.6282587079505,12712.890165601875,2412.297692495844
25.079112793155765,77.02023041619674,3.449319088366293,661.5062526624746,16589.989923899997,41.03931614620446
27.307116538790773,66.563805448734,3.1965705603762498,574.3373175204865,15683.496062108405,32.662760480563435
24.77553081456592,56.614579733838355,0.4670112432676704,483.4750455013343,11978.350887891967,0.10185491927611223
15.857289633941335,45.118133888645175,9.775002380638275,217.63933906617953,3451.1700353119722,934.0080417895915
31.67356345784516,81.40403785691758,5.527895155856417,897.94379371642,28441.079731855254,168.91934640568277
18.423170873225672,47.47115751958448,12.965373747594557,504.80618393919025,9300.130584572691,2179.4912086312174
10.729478992943616,77.1619607630104,7.098148600373357,275.16026063868856,2952.326236215699,357.6310858377131
29.364168877215036,50.73944359991529,14.522901418720826,430.98341578956064,12655.469804523644,3063.092896530987
15.313320382211469,46.38611005974353,2.782882735546817,472.71677727603435,7238.863460474416,21.551858130925773
38.21375753058743,52.38758499687245,13.029347519334161,844.7841060101869,32282.37499276735,2211.9128073775114
38.617857310077625,41.09645119148995,11.648952791876127,760.2529425052618,29359.33965323485,1580.740774212812
37.44593170661346,72.33265661233759,11.56382766966078,792.3744042772058,29671.197828632772,1546.3394399838103
21.10476100766333,55.19042730647354,12.671748421753314,109.92813798578248,2320.0070802073765,2034.7432958634893
10.463698495866023,36.25488866027721,11.415359864144984,474.5385983617854,4965.428817908584,1487.5405761062168
37.84955687763176,82.9702201292198,9.393304824471231,533.2097364717913,20181.752248296107,828.8105066463054
22.84552444951943,46.8723854961248,1.9686731652358136,117.27304914075101,2679.164311414721,7.629935463053931
38.999644571310085,58.0487002779792,0.48789269236877875,333.8318878705308,13019.324973520144,0.11613762485102988
38.90859931267758,83.45304776751829,13.812717717235303,784.2608408099215,30514.490811696855,2635.3445843175728
35.5902836640208,63.69665971397944,9.24975471781107,223.39873515609915,7950.824354389025,791.3901657976473
18.83346676208757,28.182862849585483,11.948059364642646,581.7791183073325,10956.91768751776,1705.658627264287
21.552931858057757,85.78824865294325,7.222835272688251,293.6816848155138,6329.701340788364,376.8106168289834
35.534100145505704,63.93956371499925,1.759622834435917,110.90869717950395,3941.040752584059,5.448271826892832
19.50766015468833,43.44339302599603,1.8777868830382567,317.08131183958733,6185.514472769423,6.621233491472558
15.084782400582775,29.749045086437107,10.28347930843457,978.2863794190484,14757.237158990305,1087.4773886238434
26.704037873750504,75.58176324892071,6.45458842349194,821.3834006946906,21934.253441021006,268.9092021493165
38.08464322482343,63.40509291499595,3.0078709005050506,963.6189798889301,36699.08505373821,27.213072360919952
30.88089390024919,57.34227643834251,7.373918201121553,539.0686395337261,16646.921462392675,400.95436611500486
27.101835102680948,82.57248081356704,0.9631340561270113,198.76257880975317,5386.830635485557,0.8934293574101096
12.915294813123056,75.20180478571714,8.729571028715982,593.1635400763237,7660.881992481453,665.2405423825945
28.45021680097509,30.617241581292582,4.034901066526465,508.9396011039648,14479.44199000958,65.68991071905276
39.7016155031279,41.82054474568838,11.963386509557822,859.9213744656544,34140.26777195667,1712.2311827634142
14.202520457095721,37.3942397870126,4.6554293838536065,188.2743227058201,2673.9699197752516,100.8972269381883
25.5498895709121,72.07624048008739,6.828302236227018,539.4170233196004,13782.045378485907,318.3744496181115
36.32119215783867,22.347270431504555,0.17430809862150953,235.04379822458583,8537.070960823441,0.005296057561565676
32.22305853262613,59.89227794099216,1.086703316918383,392.20833420105396,12638.152109944354,1.2833141354136914
30.91047222985804,73.37210800184835,5.887403346100272,763.6213696490197,23603.897140662186,204.06633799417224
31.07452251961328,81.37359457332246,7.1990825207568525,528.4163164318899,16420.284724693858,373.1053318095257
20.784734536592655,43.94572241011352,9.000308221789556,438.2994566311924,9109.93785361214,729.0749004599096
18.8077553279348,77.48801132704091,4.3749386806395485,455.02865071303177,8558.067529811005,83.73671335169968
34.28083466435541,27.744221586864505,10.424728291898138,513.5020915653879,17603.280300753755,1132.9069297148822
34.30340184037542,79.25166042141628,12.901835957838069,806.5148894533512,27666.204343164267,2147.6056956853713
36.01216955740311,28.924206363238767,11.697764833400248,902.876220046211,32514.531525651353,1600.6952594798504
37.397216576694134,47.81011033922571,0.5942823802253572,959.8012178535355,35893.894014643454,0.20988362784426934
25.340271965828133,75.81067560456876,7.207604208867434,808.2130476297656,20480.338433269066,374.43185600100713
25.045488840615988,30.494219914414167,1.573952676272623,383.8662061732115,9614.116783000763,3.899195504378558
33.948855369003255,36.0475976662849,3.630675237937912,719.321235477888,24420.13258709155,47.85884459391501
29.498917923332954,70.55767978751464,14.799938899007197,493.8428116498527,14567.82856788698,3241.7518494813685
31.0590063177311,70.4025575582252,2.1374331435226983,329.20355984144607,10224.735444935042,9.76512075510623
33.873780083083034,64.8803343019708,7.483322301770341,856.7844214833303,29022.527071937853,419.0668920613268
36.70016025452699,68.576391112697,9.272336014771787,134.5837140660925,4939.243873875033,797.2003563422919
20.139854705546075,57.99071103433173,10.536974558161559,911.5857929218812,18359.2054210867,1169.8974498759817
21.26748857919832,37.625934123486694,8.394730252303711,515.3297181622607,10959.76889553737,591.5891994713751
12.819458195226069,44.19871954527436,0.1465627112877549,673.4813291274523,8633.665744014665,0.0031482591296775934
27.34840422988522,32.7118401760998,4.896919623659878,693.4185299852045,18963.890258528158,117.42725994715262
11.078268213902263,83.59153929335397,7.765674650770672,905.6059666358827,10032.545794502532,468.31446738815384
23.967940543973803,60.837425633628435,1.3179974871725002,673.0027139504866,16130.489033898273,2.289516336746093
26.2793390412273,48.05959917345479,5.259403968137711,652.5402262840556,17148.32584455788,145.48210929223688
18.596237563848533,52.340406255089285,0.49804663187049847,159.98683650462095,2975.1532187285256,0.12354068992008455
27.724997817070324,86.30983377282708,1.1786774573253112,566.5672197506836,15708.074930811306,1.6375136643077124
10.915007498171484,30.734598218125612,5.953849143023941,235.15210073533748,2566.6869427369847,211.05394737859478
11.120445662476433,61.036088241175804,1.9907363106459053,763.6903918493371,8492.577505515888,7.889349828421345
34.67801681978975,55.41220752191262,8.513112723923372,560.999728731407,19454.358028845218,616.9715697250206
20.805719242337886,62.801796480425345,10.341974537058986,712.205001287518,14817.937299776993,1106.1407513915199
13.811815379556544,21.267712867458837,12.008800486636243,137.50561054214583,1899.2021064613223,1731.8045990567832
25.667297801644132,81.0486736260906,3.0022536636721515,176.31281444122288,4525.47351450889,27.060894641593972
33.09980659295832,85.24827977385287,2.512238733886046,744.691049256414,24649.129701894504,15.85560149311529
16.474630824905297,59.55932285124462,1.568517605016004,164.87590239880603,2716.269623943447,3.858941480755214
28.686714274570008,68.76555767138245,9.54645374315455,164.13105498873273,4708.380678045514,870.0139527861738
12.560423949813039,84.5749566824107,10.597135897303517,110.89762771139871,1392.9212190837025,1190.050829097654
11.55045163505823,69.5067044019379,0.47379217238463056,960.8512584695321,11098.265989437166,0.10635640377856699
25.94063894704444,30.677733003998295,14.043183693655347,763.7575235131062,19812.35816054229,2769.470415318356
26.219053648303195,60.340185211676925,0.7795692547720862,417.92626765185776,10957.631232599178,0.4737662378970868
29.122897044946196,62.470053246799914,8.119445029516058,366.8820231588897,10684.66738809791,535.2775605648907
31.782740011679845,49.68914699116702,10.635907791763746,414.7329067712646,13181.348150199357,1203.1608466965324
39.275562383876036,71.5510964937306,13.064536856191284,797.1881780630637,31310.014019204336,2229.8828901118363
25.48901044903586,85.40569103383103,10.711303981986417,695.233549963373,17720.815219536707,1228.9296818755784
19.688694188237378,84.78979590347434,12.025921246046877,266.67601108072114,5250.502429507321,1739.2221845048996
33.85558584306111,51.55875599828924,5.091752888142091,256.6984018006759,8690.674777939375,132.00851792806742
18.124967537862226,27.92666320885287,12.222376706197684,188.55608474205758,3417.5729150161924,1825.857984297264
23.169142621169083,88.93888392736342,1.201722695770127,694.2724477312044,16085.697359432432,1.7354527344899389
12.35369144026798,78.72286605121539,13.422249840907915,787.9353959995624,9733.910757043956,2418.109456543081
10.760522302463725,28.72638768422868,8.213885642306044,338.54178549250366,3642.8864331079762,554.173757595412
38.87945244033775,84.45893178321606,12.259466549437406,118.85046492782153,4620.840998673267,1842.5306414449678
35.079403615366175,80.89274534434898,6.784774267774502,173.9545007287846,6102.220141774545,312.3246120836099
30.87922618281094,56.318663998825045,9.653665427947875,971.0740313605274,29986.01465463577,899.6565154452053
22.268588332428095,61.38928050214505,7.896039914041698,365.90029972967824,8148.083145392256,492.29792471397894
15.198829602125373,47.93018927090912,10.973842826329978,792.3008330543203,12042.045355214597,1321.5275065863384
14.69311128013258,23.833314717542194,1.2244497304588435,662.1972119688375,9729.73732485167,1.8357894929201735
17.50728694493786,43.46380691521307,0.905281259858457,443.7456756876063,7768.78287483826,0.741908916364766
26.476799941183614,76.19974140186079,3.7065485101521967,285.11853597599963,7549.026436559705,50.922423593906245
31.43787768100187,20.3242416103222,2.393170201697825,209.24777634346577,6578.305997707514,13.706316618997565
29.80592130153194,43.344942018380095,13.076753498883026,653.51167123498,19478.517442462427,2236.1442289802408
18.398016908378285,47.87180855136603,3.288209810370665,797.1704025740091,14666.354545415345,35.55318905073001
38.64595841989582,57.6176922056546,14.637978837286969,679.5138281870176,26260.463149859712,3136.4859384218225
32.13690750087305,84.38989314889324,5.053436876566603,577.2719199242424,18551.73429345677,129.05075082814227
26.63062157534202,44.24421960561729,2.731768735330489,137.75610108847263,3668.5305977816756,20.385989249965203
28.351622387030567,44.28672413273594,11.845477607137187,971.6398998349454,27547.567536292576,1662.1022148420957
22.588001872833697,71.62508736768238,9.880616632513142,818.8427724891171,18496.022078540514,964.6108599087919
17.431929685034724,51.6552558622865,7.472935746797084,363.53983303086824,6337.200807103359,417.32436810868376
20.679180359537845,35.722337605798735,8.330453264064468,981.9732964229656,20306.402904980427,578.1038966187755
32.735383313931074,51.67076612928854,10.788026674083957,641.6934306726899,21006.08042310196,1255.5269369602408
10.431804658892677,29.859991426585992,3.426821119969481,624.1803923865218,6511.327925287177,40.241513334176545
13.482179215207488,32.34708905543563,14.94500874085113,773.2658614865788,10425.308925563866,3338.0168155150477
11.380079260652582,54.885744091763584,14.621897432201747,830.5928092811238,9452.212002947283,3126.1599824362597
11.221864069569104,49.32478146531835,9.754885295204053,690.8307465983523,7752.4087334056485,928.2532983262938
35.66381752033021,84.039213074767,2.993136763937177,215.28617172958002,7677.926743214215,26.815116239101126
31.109735781400712,45.367572938164315,10.20342363646937,404.44075539504854,12582.045039570075,1062.2769441263215
24.225214872619755,60.64118451946304,1.0829761346876376,935.2752762934448,22657.244533257508,1.2701548147634103
12.935024819530044,64.25850015436713,0.45978753308709097,302.15405065946675,3908.370144601741,0.09720118829031506
24.74847625350497,20.916611961183353,3.865243327668205,434.950321453762,10764.357701952782,57.74714496190439
24.204153123416972,66.44761604116974,6.939344351089744,488.8691946497764,11832.664844624725,334.1606577141639
15.196056097300456,32.4625176808826,13.024087581125707,495.46449072500695,7529.106195277607,2209.2350458576416
23.01554947713919,87.27492222286186,10.90753604649462,651.645624245073,14997.98210637373,1297.7169305783589
21.955142031921206,30.406390942717906,11.140597817999716,948.7682539702369,20830.34177129444,1382.6921228679782
28.475502941566493,49.023688660891665,6.38240001672113,316.62344064925446,9016.01171557675,259.9872559836312
29.052809526029314,25.97447676550507,5.189024888204444,209.35123867082626,6082.2416611418175,139.71957667718974
11.359120293161336,89.78119762921631,5.56558144476904,277.72344087394356,3154.693973117805,172.39776345104153
21.238378438794136,55.15365072318698,14.814743456040867,898.2324101883426,19076.999853570185,3251.489874243976
28.77579747142709,61.67695121240307,0.6016378711872372,681.2297313896854,19602.928781984265,0.21777373399565228
25.094087757402633,24.695353417189924,13.005472441836728,357.31611031524415,8966.521829384497,2199.7756961322743
35.69469523564967,72.49723292794245,8.6801311285859,834.3522450717555,29781.949107016397,654.0016710748635
29.76080894856835,34.693391516691,6.579231287843857,875.2329967270924,26047.642001077947,284.7904762572829
14.88803281244289,82.86380026084996,10.878864906227047,861.8629048212503,12831.443206806118,1287.5104159201985
12.117062422012896,34.3597748337405,7.300034121370543,927.033880275599,11232.927394620263,389.02245500900625
29.27257834618947,33.34814044645666,13.101348571224909,327.01691815602544,9572.628357251684,2248.7853563988956
10.795339316248654,22.55847674936664,13.510527960168877,779.5377358716505,8415.374368554687,2466.1356523260165
27.5732674382039,53.04468615769995,6.325813903101832,514.485547546726,14186.047595596645,253.13327280213977
38.20690724274873,59.538879328383146,4.152416958525774,857.7986976010554,32773.83527219419,71.59832594777156
27.26422533627637,24.599604759984665,8.885254928900434,755.6416094454519,20601.98311338734,701.4709305859293
21.645097786195656,74.28693316865073,13.685450184250364,798.8027018497522,17290.16259341518,2563.169132918084
29.298646553270594,51.73021843236194,3.159932835084999,690.5456539129643,20232.05304289306,31.552483996839467
23.7475867147455,56.707318852930605,9.344498753452243,259.6858925227362,6166.913251279758,815.9584255517137
26.36850367947805,50.853392285675966,9.473403301387808,590.5242270072445,15571.240252661457,850.1940854914064
38.24394426329576,48.05341426127282,10.996695336229214,986.2027655720574,37716.2835988459,1329.8007674016021
21.58307913402323,59.17482319157525,1.973515276908897,943.649259847407,20366.856650049034,7.686373388791116
38.83571691471742,30.866817215149876,10.737374470231329,138.8563622173105,5392.586374878935,1237.9249004148262
37.160519258681916,32.73496913466898,13.635487809984616,248.3333341564934,9228.195646495065,2535.198903591093
15.873734043678894,80.32499347094621,2.6952466330536295,218.55589610910573,3469.2981685138593,19.579226772911287
12.080839026254964,86.2280823493543,3.5631498738581646,753.381918986766,9101.485688570177,45.23788271905146
13.0233400413228,46.131652139582705,14.570926410624594,836.0067968712506,10887.600792511374,3093.5810194747214
10.546654769546493,38.952127120048765,2.7146542906423465,292.16022967960475,3081.3130798222023,20.005231944028424
12.83328882267785,65.07996802673111,12.815776400543687,555.2674236566461,7125.907221609963,2104.9159778827593
30.490203202490704,48.61139197686675,7.384167846720522,856.63272521008,26118.90586155872,402.62865447792575
12.13565945380687,21.77704489622414,3.7084661160476555,759.5213902896255,9217.292940436831,51.00149958672945
19.569268908812838,30.930681815633324,13.061248519087671,588.0134849426635,11506.99400885115,2228.1995328065123
35.34625932908364,70.11805601931783,6.679578825039982,631.3129214128955,22314.550238061605,298.0212540421801
10.698158072074776,66.12467593371059,7.722260308945353,557.524492224652,5964.485146872552,460.50389872585373
34.43405447766807,21.896719475243845,5.3885005409964855,367.7936061869385,12664.625071979037,156.46016805414163
18.455643243201997,35.53805133530646,8.89426277152391,608.5197935731145,11230.624216612325,703.6065410599901
13.544944828649687,36.175235761165,2.4528580887753417,719.9967718450816,9752.316551447508,14.757652096703895
30.902114960924518,67.03249205191099,5.86622304977641,885.9906242747269,27378.98412563889,201.87182817050902
28.86828540339652,21.37973764280549,14.541184835029313,672.6622185813233,19418.604906087534,3074.6761888447536
36.32416040581159,27.28760073892017,3.8720014905169133,785.0093833388422,28514.806760467345,58.050577887231576
32.05213131411657,75.99412597612326,9.851049968119383,244.0644714591157,7822.786488318033,955.9772691736429
34.10442791154546,32.49812634380335,4.877850963370423,515.4017269778109,17577.481043200783,116.06080554910827
18.461037177139197,65.69222754963123,11.60209688529901,108.39845784438397,2001.1479602097284,1561.7426236798174
15.323186313391684,36.67279467327086,1.9631049107752474,322.01097806946075,4934.23421191583,7.565376191604396
32.51844254922575,26.96089749315416,14.54731567617817,753.8155436017043,24512.907447325404,3078.56685531318
34.20504217801792,37.02205336996178,6.806843120754589,992.6289562144271,33952.91531443638,315.38223332888225
39.7151542600202,70.55868522989614,3.5407569501969594,189.26028962849432,7516.501597891753,44.390327476677996
22.378530307342793,79.89875276744,1.10245120995019,461.3448842751594,10324.220474889209,1.3399177346668392
21.160542573783495,78.11539051968941,2.546368576313111,820.0638718292436,17352.99647306444,16.510635836910218
33.29238882225991,47.80284707329184,7.796609228340265,283.6320711660089,9442.789195721663,473.93338535525965
20.224106207590538,66.76595955994523,5.055047646469294,599.5764543720577,12125.897892791058,129.1741939436906
37.922719768106944,34.348900679107466,12.433250488239143,759.7641664267073,28812.32357324939,1922.002950109339
35.75238255529035,40.52034111827093,6.463312854927089,654.3869052341611,23395.890975104263,270.00110094203507
22.86982082125055,82.74350729647838,3.7307140888144485,269.2222611538745,6157.064873681033,51.92492784520027
32.52613203374492,20.910134645751523,9.25717479906045,419.8461118171655,13655.970066819558,793.2962351105001
32.63628622254047,25.985597159812766,10.601658253281688,805.4126060368575,26285.676337861107,1191.5750514645165
13.093716065077977,34.552037860221915,2.505628618514248,598.803862718815,7840.567757112096,15.730774385562206
37.076587200386996,21.85725427116738,2.514288244324765,104.70665218862146,3882.1653203320157,15.894438652534648
25.157571173435713,32.70048045628581,0.5500714040031446,784.8916840252845,19745.96840430391,0.16643980754579502
34.79372398323225,60.81290926787845,11.046030225984607,131.78021944621517,4585.124581861385,1347.7789893566514
19.601488030918354,49.499718541474856,9.957067914327077,771.1604044581089,15115.89143790378,987.1755900866559
36.86569685488601,82.48701977538823,7.119463136247209,282.2325041487137,10404.697940541837,360.86248619879336
21.676050362024895,77.22104932169086,12.662556734537956,962.2661321074422,20858.12914123182,2030.3186907741872
10.32512954440895,43.927214618851316,12.085052294250797,431.14667617187604,4451.645284115955,1765.0036265147833
37.16145929257791,38.15964034019048,8.780315465951283,394.2384547042712,14650.476286061594,676.9091109176723
12.738600303584008,46.57846857170868,13.02406920769888,233.9992452992002,2980.82285720682,2209.2256959908786
19.579409127712445,61.320645976036545,3.0876181505515237,375.04379394119337,7343.1358823841065,29.435455166957276
38.50185901152415,38.764454857601336,1.6787942909659181,888.9856856453805,34227.60153198156,4.731430345534586
38.51821440812668,63.69042354943938,4.046244172754844,996.7009038645226,38391.13911582734,66.24548146864868
27.203136643698585,48.65881565338683,0.8563028413397228,431.4785774561635,11737.5707013687,0.6278879598021521
28.95511636509398,58.643302659638614,7.967542920015481,503.7495678590883,14586.127356225707,505.79348953965746
23.453365659349593,50.52885703947217,14.049085384424423,749.8638443824633,17586.83093702753,2772.9635180551486
18.796323150941937,40.61260316793424,0.5901531100276447,897.576202418567,16871.13235325466,0.20553893429900327
19.85993636109748,86.39173148735097,1.831648710150402,633.7399007681057,12586.03409874281,6.145066023915571
30.175553682311154,73.45240559118326,6.782985424251529,452.3731283600464,13650.609619263614,312.0776388405973
32.5712358831304,29.80792230365168,14.008125262918574,471.3596567637614,15352.766566243854,2748.780427968245
33.74737131177545,80.79275831285389,4.742341574651258,726.0563318471262,24502.492624110626,106.65433066860226
33.68854428383662,54.120183877465955,7.608522130325887,102.89643724385081,3466.4311827384836,440.4543712506845
12.736183091460711,82.61865588258641,0.6235928857558815,657.6304037138566,8375.701228210903,0.2424953726538089
24.832609141077445,75.98986791631206,2.225148014431333,419.94370939722165,10428.297996715417,11.01733906307331
11.726762800499328,49.764945312846336,14.799451844382704,814.7775981493759,9554.703628658292,3241.431809321669
26.485866469712064,21.57285158240822,14.476780446540683,183.69157584081893,4865.230549330917,3034.0027070601022
23.24591504120131,38.80741515694623,0.07409971401614424,629.3820402535515,14630.561436192002,0.000406864310169136
36.63112548274899,57.914395026260685,14.277176781348585,532.8756008975114,19519.83300317201,2910.2279747457
20.52745037656236,64.34347538783031,9.586799067232505,678.0929733147046,13919.519860413224,881.0912226292141
13.512010492828175,38.05213798032416,13.018774417800332,158.3682350346715,2139.87325351916,2206.5323831141377
14.289750461585076,29.75492518509769,6.821097834507887,621.9854086853181,8888.016280860207,317.36778141383985
32.84531895152416,78.44511657595095,7.733940428688753,605.3361291635713,19882.458235258528,462.59663325599723
28.54654189948783,88.90815264924865,7.3326987038538025,604.5940849745539,17259.070378908607,394.26799234135115
13.033680283683708,56.79831276118801,10.002963863191566,643.1388999368094,8382.46679977642,1000.8894225180563
12.523204183449923,32.017550009381246,2.0947688213446938,708.821143503726,8876.71190964362,9.191963764187669
31.0290739437736,39.061512856355826,0.4496038480901693,824.4900997126928,25583.164269894412,0.09088454951666036
12.182890190925805,21.28734735832267,4.618949123867864,342.8386481153929,4176.765603195284,98.54385234345654
34.65580177871068,84.00091645923493,10.5702114410497,842.5444691620559,29199.054113029222,1181.0030641080793
31.187266814694887,28.24257580230988,3.0278017818442255,548.4301140371083,17104.03629568884,27.75762605054102
12.440463419256993,60.35615328599775,10.10148649987376,169.35245122089805,2106.8229743750862,1030.7559805130122
12.545131422555757,39.18386544810442,14.548680691609057,152.69583631958128,1915.5893343062096,3079.4335483198856
39.59918735503526,58.792460176105536,1.4085107368412757,400.8144868264547,15871.927958453092,2.794347966176494
21.22812387268361,65.59942718463049,10.089031773376893,806.4072794003208,17118.513618943794,1026.9480374374873
21.11926441200673,78.08192625950412,6.656253289568567,736.9128412668242,15563.057143317204,294.9100136557912
34.383987017725076,34.44948902324222,13.022133815662581,809.7534682051657,27842.552738324273,2208.2409617104486
38.41745732151576,20.769708006093634,2.657246841710789,565.5421507974484,21726.691441779203,18.762715726204874
39.58003191468613,29.58199410481651,10.389389283392468,496.1790981599415,19638.784540570665,1121.4245462045321
32.60134555776825,83.00130492936736,12.571729344721653,232.70727403565556,7586.570254642677,1986.9414406013798
21.287787565927474,81.17230542937607,14.16921329211035,395.3734782483804,8416.626614153369,2844.7048526739945
12.505021500960062,61.81891715192158,10.248720424344688,490.61742955648776,6135.181505349638,1076.4873690934473
33.3144074778231,62.03618023035574,7.4576214601264095,179.7403867116555,5987.944483133592,414.7639539514304
26.752127492074152,66.55256721823788,9.267708603018207,298.55075744009014,7986.867925892597,796.0074098412873
22.726660277409287,32.27598950364147,13.033574767180774,638.402764657365,14508.762752526805,2214.06640814297
37.19063155284208,84.00883621474719,8.559146199582445,762.0968028152708,28342.86140110168,627.0343516286322
13.33592446918454,49.31393674244512,0.4558058954525529,998.5127602536546,13316.09075225971,0.094697783564708
24.778753128725775,46.81969697746482,13.964230432604667,939.8019982092019,23287.121703508998,2723.021186007713
10.340609343022573,56.324239369798626,10.342901265473417,678.3086795816724,7014.125069535547,1106.4381367468984
24.05981925982379,23.287617674253852,10.147700786658698,479.1232479646648,11527.618749209572,1044.9679238388142
11.689098270455121,31.639835812925558,3.2351272859657576,672.5596282374095,7861.6155872078425,33.85899926105271
13.564537488042157,71.66235314984593,9.883282053489857,807.0864562722088,10947.754492195474,965.3917183602731
13.525787403313146,25.795906754758853,5.907966084812378,206.50257183104858,2793.109884824165,206.21202195805054
29.476309063481906,62.220647662647174,9.768494655622382,468.91440072665944,13821.865800136418,932.14383095583
32.3813463779627,37.17443767769247,1.5988954546198608,855.8220570720555,27712.67046795079,4.087522946231347
27.50106295291479,47.25069298293836,9.86767956904554,445.4496567397396,12250.339052353864,960.8268148488419
38.86517645423626,40.20856157394899,14.991205886559998,614.6850441044679,23889.842702900147,3369.067452887297
21.246117385711123,44.89709015254644,0.7231805829083404,628.9924247759784,13363.64689151351,0.3782163255066656
18.57136258845582,70.33321336289718,14.65761276331976,266.02862782027546,4940.5141061597005,3149.1237834135445
36.057973845683804,40.79852009362225,6.103619410843059,426.01189748705957,15361.125857538524,227.38527461229324
16.70787515558358,59.648324820782804,13.061301755058887,401.06015986773895,6700.863080948574,2228.226778482797
38.89667618321834,53.32352815393698,11.735782260874101,123.57703767885832,4806.736018275924,1616.352687881491
10.36463424069449,66.45698157538537,8.505243914800017,121.77258750221972,1262.1283300034725,615.2623198924862
39.09636480122917,85.57808175273306,11.076738138769898,848.5273393081961,33174.3344014096,1359.0507247486507
11.294797358517283,71.28004680471753,13.177733419520218,345.7637289755312,3905.331252703915,2288.3484357158322
36.73429341094213,35.04582650135298,6.062104824765495,566.2708896149338,20801.5610091902,222.77698678022233
25.831033272588996,22.182819454289927,4.905497423448581,368.85301622989573,9527.854534929245,118.04542383561177
39.78894388357901,38.358483100987755,10.01390078345377,946.6113206038065,37664.664715065475,1004.1760346756233
12.213896942061966,61.65545514901784,12.11768912911888,333.36708297919637,4071.7111953837243,1779.3419601798976
26.615628532039622,23.599806943897526,11.434277021649237,486.69113146504156,12953.590364911606,1494.948147539254
39.079076068572974,54.74563730408654,11.967204732879518,885.4572254361417,34602.85026828655,1713.871128395311
25.692935325104465,61.778999424182246,6.533749722193995,857.7402101126278,22037.86374416526,278.9250270835882
28.881959144057877,43.397072357187255,12.267513242625323,267.4912760616496,7725.672106604471,1846.1611450132102
30.872460669538516,73.96385426220753,1.8031358305591265,822.3789788161394,25388.86267895651,5.862533404410486
23.636231943033195,27.461877719364026,8.167336469412744,512.3681980641034,12110.453569677118,544.8053236542828
28.8267424025219,25.259644721506614,0.08637990747182356,534.6719848768197,15412.851577889167,0.0006445226788760317
27.529429357693008,70.97321293425223,4.8687874485040545,220.1319751743494,6060.107659931683,115.41505059130195
37.034740314729675,54.68439213443389,5.496923023070968,172.54136238141217,6390.024549345268,166.09592053304405
11.363391410243736,68.18816774994153,5.942590374138831,755.1453762763887,8581.012482264388,209.85889676515643
18.42889568776691,50.437913702262236,10.432008100347932,546.8150371197698,10077.19727958263,1135.2819861706096
38.51234452229676,37.24814232673748,5.828371519055186,493.1656323536616,18992.964739760555,197.98928255033456
36.70791351672749,77.33716223719398,6.73040433933796,756.5574057871571,27771.643822074668,304.87616140453605
23.669702583571386,75.95911152782855,3.563161963114912,788.9616090919988,18674.48663706352,45.23834317756748
28.603977934046103,68.62875295980987,5.598776874440102,243.0173509024182,6951.262942803109,175.50095347890198
18.32143548943398,39.05015960609739,3.4090444089472722,649.2026345298772,11894.32418810973,39.618495215734804
15.64363479171284,61.3161466808361,1.0979388565266546,221.81867404991698,3470.0503268188913,1.3235320598663531
23.910952148199463,45.26817278580188,9.051728900720668,776.2375774261411,18560.579569470738,741.6425100329942
20.600566840781585,26.410745132864392,10.023191978325244,691.2596406404256,14240.340431347746,1006.973742007552
27.509683355526164,84.211950282357,9.292355190144217,960.9531589751122,26435.51712289793,802.3750313029182
12.332039108949544,29.5773041643273,6.952410657008585,162.06221472077905,1998.557570019626,336.0518184594019
39.23184422998499,86.51661476745618,5.696786702688447,151.3492490361289,5937.710162510615,184.87997644014615
39.586322334388086,51.2204041070569,12.950004743577379,353.96836722388014,14012.30588110157,2171.74976153023
